affected_root_lifecycles,affected_symbols,both_span_contribution,count,high_span_contribution,low_span_contribution,lower_tolerance,market,root_cause,share,threshold_margin_descriptive,threshold_margin_use,upper_tolerance
14,9,0,14,14,0,0.03,CN,HIGH_SPAN_THRESHOLD_CROSSING,0.2978723404255319,"{""lower_high"":{""count"":14,""max"":0.008910505836575926,""median"":0.005863643397299438,""min"":5.4644808743203876e-05},""lower_low"":{""count"":14,""max"":-0.007011494252873455,""median"":-0.023634777609924995,""min"":-0.029655943574746272},""upper_high"":{""count"":14,""max"":-0.0010894941634240762,""median"":-0.004136356602700564,""min"":-0.009945355191256798},""upper_low"":{""count"":14,""max"":-0.017011494252873457,""median"":-0.033634777609925,""min"":-0.03965594357474628}}",DESCRIPTION_ONLY_NOT_TOLERANCE_DESIGN,0.04
27,15,0,27,0,27,0.03,CN,LOW_SPAN_THRESHOLD_CROSSING,0.574468085106383,"{""lower_high"":{""count"":27,""max"":-0.002569338616275448,""median"":-0.01138747884940777,""min"":-0.029236641221373996},""lower_low"":{""count"":27,""max"":0.009727029003168484,""median"":0.005570601711982245,""min"":3.5335689045876834e-05},""upper_high"":{""count"":27,""max"":-0.01256933861627545,""median"":-0.02138747884940777,""min"":-0.039236641221374},""upper_low"":{""count"":27,""max"":-0.0002729709968315175,""median"":-0.0044293982880177565,""min"":-0.009964664310954125}}",DESCRIPTION_ONLY_NOT_TOLERANCE_DESIGN,0.04
6,5,6,6,0,0,0.03,CN,BOTH_SPAN_THRESHOLD_CROSSING,0.1276595744680851,"{""lower_high"":{""count"":6,""max"":0.008461538461538486,""median"":0.0041464216738518155,""min"":0.001645569620253244},""lower_low"":{""count"":6,""max"":0.00793103448275858,""median"":0.0029224600123676538,""min"":0.0006748466257668756},""upper_high"":{""count"":6,""max"":-0.0015384615384615163,""median"":-0.0058535783261481865,""min"":-0.008354430379746758},""upper_low"":{""count"":6,""max"":-0.0020689655172414223,""median"":-0.007077539987632348,""min"":-0.009325153374233126}}",DESCRIPTION_ONLY_NOT_TOLERANCE_DESIGN,0.04
0,0,0,0,0,0,0.03,CN,STRUCTURE_INPUT_DIVERGENCE,0.0,"{""lower_high"":{""count"":0,""max"":null,""median"":null,""min"":null},""lower_low"":{""count"":0,""max"":null,""median"":null,""min"":null},""upper_high"":{""count"":0,""max"":null,""median"":null,""min"":null},""upper_low"":{""count"":0,""max"":null,""median"":null,""min"":null}}",DESCRIPTION_ONLY_NOT_TOLERANCE_DESIGN,0.04
0,0,0,0,0,0,0.03,CN,NEW_SWING_ELIGIBILITY_DIVERGENCE,0.0,"{""lower_high"":{""count"":0,""max"":null,""median"":null,""min"":null},""lower_low"":{""count"":0,""max"":null,""median"":null,""min"":null},""upper_high"":{""count"":0,""max"":null,""median"":null,""min"":null},""upper_low"":{""count"":0,""max"":null,""median"":null,""min"":null}}",DESCRIPTION_ONLY_NOT_TOLERANCE_DESIGN,0.04
0,0,0,0,0,0,0.03,CN,PLATFORM_FIRST_DETECTION_DIVERGENCE,0.0,"{""lower_high"":{""count"":0,""max"":null,""median"":null,""min"":null},""lower_low"":{""count"":0,""max"":null,""median"":null,""min"":null},""upper_high"":{""count"":0,""max"":null,""median"":null,""min"":null},""upper_low"":{""count"":0,""max"":null,""median"":null,""min"":null}}",DESCRIPTION_ONLY_NOT_TOLERANCE_DESIGN,0.04
0,0,0,0,0,0,0.03,CN,FROZEN_BREAKOUT_ANCHOR_DIVERGENCE,0.0,"{""lower_high"":{""count"":0,""max"":null,""median"":null,""min"":null},""lower_low"":{""count"":0,""max"":null,""median"":null,""min"":null},""upper_high"":{""count"":0,""max"":null,""median"":null,""min"":null},""upper_low"":{""count"":0,""max"":null,""median"":null,""min"":null}}",DESCRIPTION_ONLY_NOT_TOLERANCE_DESIGN,0.04
0,0,0,0,0,0,0.03,CN,FROZEN_INVALIDATION_ANCHOR_DIVERGENCE,0.0,"{""lower_high"":{""count"":0,""max"":null,""median"":null,""min"":null},""lower_low"":{""count"":0,""max"":null,""median"":null,""min"":null},""upper_high"":{""count"":0,""max"":null,""median"":null,""min"":null},""upper_low"":{""count"":0,""max"":null,""median"":null,""min"":null}}",DESCRIPTION_ONLY_NOT_TOLERANCE_DESIGN,0.04
0,0,0,0,0,0,0.03,CN,TERMINAL_STATE_DIVERGENCE,0.0,"{""lower_high"":{""count"":0,""max"":null,""median"":null,""min"":null},""lower_low"":{""count"":0,""max"":null,""median"":null,""min"":null},""upper_high"":{""count"":0,""max"":null,""median"":null,""min"":null},""upper_low"":{""count"":0,""max"":null,""median"":null,""min"":null}}",DESCRIPTION_ONLY_NOT_TOLERANCE_DESIGN,0.04
0,0,0,0,0,0,0.03,CN,OTHER_UNCLASSIFIED,0.0,"{""lower_high"":{""count"":0,""max"":null,""median"":null,""min"":null},""lower_low"":{""count"":0,""max"":null,""median"":null,""min"":null},""upper_high"":{""count"":0,""max"":null,""median"":null,""min"":null},""upper_low"":{""count"":0,""max"":null,""median"":null,""min"":null}}",DESCRIPTION_ONLY_NOT_TOLERANCE_DESIGN,0.04
14,9,0,14,14,0,0.03,US,HIGH_SPAN_THRESHOLD_CROSSING,0.32558139534883723,"{""lower_high"":{""count"":14,""max"":0.00995099056535683,""median"":0.006890849254023761,""min"":0.00044814928451912886},""lower_low"":{""count"":14,""max"":-0.00028601745648027324,""median"":-0.01837406115743309,""min"":-0.028749154333557826},""upper_high"":{""count"":14,""max"":-4.900943464317131e-05,""median"":-0.0031091507459762406,""min"":-0.009551850715480873},""upper_low"":{""count"":14,""max"":-0.010286017456480275,""median"":-0.028374061157433093,""min"":-0.03874915433355783}}",DESCRIPTION_ONLY_NOT_TOLERANCE_DESIGN,0.04
26,17,0,26,0,26,0.03,US,LOW_SPAN_THRESHOLD_CROSSING,0.6046511627906976,"{""lower_high"":{""count"":26,""max"":-0.0003039734962033344,""median"":-0.01857037947667727,""min"":-0.02893440720884324},""lower_low"":{""count"":26,""max"":0.00959777189882978,""median"":0.00543625771200849,""min"":0.0003624307990660533},""upper_high"":{""count"":26,""max"":-0.010303973496203336,""median"":-0.02857037947667727,""min"":-0.03893440720884324},""upper_low"":{""count"":26,""max"":-0.0004022281011702225,""median"":-0.004563742287991512,""min"":-0.009637569200933949}}",DESCRIPTION_ONLY_NOT_TOLERANCE_DESIGN,0.04
3,2,3,3,0,0,0.03,US,BOTH_SPAN_THRESHOLD_CROSSING,0.06976744186046512,"{""lower_high"":{""count"":3,""max"":0.008703813250955268,""median"":0.003250627742405511,""min"":0.00020620266123789338},""lower_low"":{""count"":3,""max"":0.005927599626421386,""median"":0.005032974334998545,""min"":0.0023874184550801494},""upper_high"":{""count"":3,""max"":-0.0012961867490447337,""median"":-0.006749372257594491,""min"":-0.009793797338762109},""upper_low"":{""count"":3,""max"":-0.004072400373578616,""median"":-0.004967025665001457,""min"":-0.0076125815449198525}}",DESCRIPTION_ONLY_NOT_TOLERANCE_DESIGN,0.04
0,0,0,0,0,0,0.03,US,STRUCTURE_INPUT_DIVERGENCE,0.0,"{""lower_high"":{""count"":0,""max"":null,""median"":null,""min"":null},""lower_low"":{""count"":0,""max"":null,""median"":null,""min"":null},""upper_high"":{""count"":0,""max"":null,""median"":null,""min"":null},""upper_low"":{""count"":0,""max"":null,""median"":null,""min"":null}}",DESCRIPTION_ONLY_NOT_TOLERANCE_DESIGN,0.04
0,0,0,0,0,0,0.03,US,NEW_SWING_ELIGIBILITY_DIVERGENCE,0.0,"{""lower_high"":{""count"":0,""max"":null,""median"":null,""min"":null},""lower_low"":{""count"":0,""max"":null,""median"":null,""min"":null},""upper_high"":{""count"":0,""max"":null,""median"":null,""min"":null},""upper_low"":{""count"":0,""max"":null,""median"":null,""min"":null}}",DESCRIPTION_ONLY_NOT_TOLERANCE_DESIGN,0.04
0,0,0,0,0,0,0.03,US,PLATFORM_FIRST_DETECTION_DIVERGENCE,0.0,"{""lower_high"":{""count"":0,""max"":null,""median"":null,""min"":null},""lower_low"":{""count"":0,""max"":null,""median"":null,""min"":null},""upper_high"":{""count"":0,""max"":null,""median"":null,""min"":null},""upper_low"":{""count"":0,""max"":null,""median"":null,""min"":null}}",DESCRIPTION_ONLY_NOT_TOLERANCE_DESIGN,0.04
0,0,0,0,0,0,0.03,US,FROZEN_BREAKOUT_ANCHOR_DIVERGENCE,0.0,"{""lower_high"":{""count"":0,""max"":null,""median"":null,""min"":null},""lower_low"":{""count"":0,""max"":null,""median"":null,""min"":null},""upper_high"":{""count"":0,""max"":null,""median"":null,""min"":null},""upper_low"":{""count"":0,""max"":null,""median"":null,""min"":null}}",DESCRIPTION_ONLY_NOT_TOLERANCE_DESIGN,0.04
0,0,0,0,0,0,0.03,US,FROZEN_INVALIDATION_ANCHOR_DIVERGENCE,0.0,"{""lower_high"":{""count"":0,""max"":null,""median"":null,""min"":null},""lower_low"":{""count"":0,""max"":null,""median"":null,""min"":null},""upper_high"":{""count"":0,""max"":null,""median"":null,""min"":null},""upper_low"":{""count"":0,""max"":null,""median"":null,""min"":null}}",DESCRIPTION_ONLY_NOT_TOLERANCE_DESIGN,0.04
0,0,0,0,0,0,0.03,US,TERMINAL_STATE_DIVERGENCE,0.0,"{""lower_high"":{""count"":0,""max"":null,""median"":null,""min"":null},""lower_low"":{""count"":0,""max"":null,""median"":null,""min"":null},""upper_high"":{""count"":0,""max"":null,""median"":null,""min"":null},""upper_low"":{""count"":0,""max"":null,""median"":null,""min"":null}}",DESCRIPTION_ONLY_NOT_TOLERANCE_DESIGN,0.04
0,0,0,0,0,0,0.03,US,OTHER_UNCLASSIFIED,0.0,"{""lower_high"":{""count"":0,""max"":null,""median"":null,""min"":null},""lower_low"":{""count"":0,""max"":null,""median"":null,""min"":null},""upper_high"":{""count"":0,""max"":null,""median"":null,""min"":null},""upper_low"":{""count"":0,""max"":null,""median"":null,""min"":null}}",DESCRIPTION_ONLY_NOT_TOLERANCE_DESIGN,0.04
28,18,0,28,28,0,0.03,POOLED,HIGH_SPAN_THRESHOLD_CROSSING,0.3111111111111111,"{""lower_high"":{""count"":28,""max"":0.00995099056535683,""median"":0.00596364592814691,""min"":5.4644808743203876e-05},""lower_low"":{""count"":28,""max"":-0.00028601745648027324,""median"":-0.02032947209081733,""min"":-0.029655943574746272},""upper_high"":{""count"":28,""max"":-4.900943464317131e-05,""median"":-0.004036354071853092,""min"":-0.009945355191256798},""upper_low"":{""count"":28,""max"":-0.010286017456480275,""median"":-0.030329472090817333,""min"":-0.03965594357474628}}",DESCRIPTION_ONLY_NOT_TOLERANCE_DESIGN,0.04
53,32,0,53,0,53,0.03,POOLED,LOW_SPAN_THRESHOLD_CROSSING,0.5888888888888889,"{""lower_high"":{""count"":53,""max"":-0.0003039734962033344,""median"":-0.014799170794578025,""min"":-0.029236641221373996},""lower_low"":{""count"":53,""max"":0.009727029003168484,""median"":0.005570601711982245,""min"":3.5335689045876834e-05},""upper_high"":{""count"":53,""max"":-0.010303973496203336,""median"":-0.024799170794578027,""min"":-0.039236641221374},""upper_low"":{""count"":53,""max"":-0.0002729709968315175,""median"":-0.0044293982880177565,""min"":-0.009964664310954125}}",DESCRIPTION_ONLY_NOT_TOLERANCE_DESIGN,0.04
9,7,9,9,0,0,0.03,POOLED,BOTH_SPAN_THRESHOLD_CROSSING,0.1,"{""lower_high"":{""count"":9,""max"":0.008703813250955268,""median"":0.004046268005237927,""min"":0.00020620266123789338},""lower_low"":{""count"":9,""max"":0.00793103448275858,""median"":0.0032778702163062043,""min"":0.0006748466257668756},""upper_high"":{""count"":9,""max"":-0.0012961867490447337,""median"":-0.005953731994762075,""min"":-0.009793797338762109},""upper_low"":{""count"":9,""max"":-0.0020689655172414223,""median"":-0.006722129783693798,""min"":-0.009325153374233126}}",DESCRIPTION_ONLY_NOT_TOLERANCE_DESIGN,0.04
0,0,0,0,0,0,0.03,POOLED,STRUCTURE_INPUT_DIVERGENCE,0.0,"{""lower_high"":{""count"":0,""max"":null,""median"":null,""min"":null},""lower_low"":{""count"":0,""max"":null,""median"":null,""min"":null},""upper_high"":{""count"":0,""max"":null,""median"":null,""min"":null},""upper_low"":{""count"":0,""max"":null,""median"":null,""min"":null}}",DESCRIPTION_ONLY_NOT_TOLERANCE_DESIGN,0.04
0,0,0,0,0,0,0.03,POOLED,NEW_SWING_ELIGIBILITY_DIVERGENCE,0.0,"{""lower_high"":{""count"":0,""max"":null,""median"":null,""min"":null},""lower_low"":{""count"":0,""max"":null,""median"":null,""min"":null},""upper_high"":{""count"":0,""max"":null,""median"":null,""min"":null},""upper_low"":{""count"":0,""max"":null,""median"":null,""min"":null}}",DESCRIPTION_ONLY_NOT_TOLERANCE_DESIGN,0.04
0,0,0,0,0,0,0.03,POOLED,PLATFORM_FIRST_DETECTION_DIVERGENCE,0.0,"{""lower_high"":{""count"":0,""max"":null,""median"":null,""min"":null},""lower_low"":{""count"":0,""max"":null,""median"":null,""min"":null},""upper_high"":{""count"":0,""max"":null,""median"":null,""min"":null},""upper_low"":{""count"":0,""max"":null,""median"":null,""min"":null}}",DESCRIPTION_ONLY_NOT_TOLERANCE_DESIGN,0.04
0,0,0,0,0,0,0.03,POOLED,FROZEN_BREAKOUT_ANCHOR_DIVERGENCE,0.0,"{""lower_high"":{""count"":0,""max"":null,""median"":null,""min"":null},""lower_low"":{""count"":0,""max"":null,""median"":null,""min"":null},""upper_high"":{""count"":0,""max"":null,""median"":null,""min"":null},""upper_low"":{""count"":0,""max"":null,""median"":null,""min"":null}}",DESCRIPTION_ONLY_NOT_TOLERANCE_DESIGN,0.04
0,0,0,0,0,0,0.03,POOLED,FROZEN_INVALIDATION_ANCHOR_DIVERGENCE,0.0,"{""lower_high"":{""count"":0,""max"":null,""median"":null,""min"":null},""lower_low"":{""count"":0,""max"":null,""median"":null,""min"":null},""upper_high"":{""count"":0,""max"":null,""median"":null,""min"":null},""upper_low"":{""count"":0,""max"":null,""median"":null,""min"":null}}",DESCRIPTION_ONLY_NOT_TOLERANCE_DESIGN,0.04
0,0,0,0,0,0,0.03,POOLED,TERMINAL_STATE_DIVERGENCE,0.0,"{""lower_high"":{""count"":0,""max"":null,""median"":null,""min"":null},""lower_low"":{""count"":0,""max"":null,""median"":null,""min"":null},""upper_high"":{""count"":0,""max"":null,""median"":null,""min"":null},""upper_low"":{""count"":0,""max"":null,""median"":null,""min"":null}}",DESCRIPTION_ONLY_NOT_TOLERANCE_DESIGN,0.04
0,0,0,0,0,0,0.03,POOLED,OTHER_UNCLASSIFIED,0.0,"{""lower_high"":{""count"":0,""max"":null,""median"":null,""min"":null},""lower_low"":{""count"":0,""max"":null,""median"":null,""min"":null},""upper_high"":{""count"":0,""max"":null,""median"":null,""min"":null},""upper_low"":{""count"":0,""max"":null,""median"":null,""min"":null}}",DESCRIPTION_ONLY_NOT_TOLERANCE_DESIGN,0.04
23,15,0,23,23,0,0.04,CN,HIGH_SPAN_THRESHOLD_CROSSING,0.5111111111111111,"{""lower_high"":{""count"":23,""max"":0.009420849420849413,""median"":0.0035067774376912123,""min"":0.0003082394783640516},""lower_low"":{""count"":23,""max"":-0.0019289340101522612,""median"":-0.021994958588404685,""min"":-0.04},""upper_high"":{""count"":23,""max"":-0.0005791505791505891,""median"":-0.00649322256230879,""min"":-0.00969176052163595},""upper_low"":{""count"":23,""max"":-0.011928934010152263,""median"":-0.03199495858840469,""min"":-0.05}}",DESCRIPTION_ONLY_NOT_TOLERANCE_DESIGN,0.05
15,11,0,15,0,15,0.04,CN,LOW_SPAN_THRESHOLD_CROSSING,0.3333333333333333,"{""lower_high"":{""count"":15,""max"":-0.004285714285714386,""median"":-0.021873111782477327,""min"":-0.03821899724547441},""lower_low"":{""count"":15,""max"":0.009460071990401268,""median"":0.0032516997326503053,""min"":0.0002802101576180327},""upper_high"":{""count"":15,""max"":-0.014285714285714388,""median"":-0.03187311178247733,""min"":-0.04821899724547441},""upper_low"":{""count"":15,""max"":-0.0005399280095987335,""median"":-0.006748300267349697,""min"":-0.00971978984238197}}",DESCRIPTION_ONLY_NOT_TOLERANCE_DESIGN,0.05
7,5,7,7,0,0,0.04,CN,BOTH_SPAN_THRESHOLD_CROSSING,0.15555555555555556,"{""lower_high"":{""count"":7,""max"":0.008562933597621392,""median"":0.0048324681453516885,""min"":0.0026251691474965255},""lower_low"":{""count"":7,""max"":0.009382716049382615,""median"":0.004776119402985085,""min"":0.00040920716112527455},""upper_high"":{""count"":7,""max"":-0.0014370664023786103,""median"":-0.0051675318546483134,""min"":-0.007374830852503476},""upper_low"":{""count"":7,""max"":-0.0006172839506173866,""median"":-0.005223880597014917,""min"":-0.009590792838874727}}",DESCRIPTION_ONLY_NOT_TOLERANCE_DESIGN,0.05
0,0,0,0,0,0,0.04,CN,STRUCTURE_INPUT_DIVERGENCE,0.0,"{""lower_high"":{""count"":0,""max"":null,""median"":null,""min"":null},""lower_low"":{""count"":0,""max"":null,""median"":null,""min"":null},""upper_high"":{""count"":0,""max"":null,""median"":null,""min"":null},""upper_low"":{""count"":0,""max"":null,""median"":null,""min"":null}}",DESCRIPTION_ONLY_NOT_TOLERANCE_DESIGN,0.05
0,0,0,0,0,0,0.04,CN,NEW_SWING_ELIGIBILITY_DIVERGENCE,0.0,"{""lower_high"":{""count"":0,""max"":null,""median"":null,""min"":null},""lower_low"":{""count"":0,""max"":null,""median"":null,""min"":null},""upper_high"":{""count"":0,""max"":null,""median"":null,""min"":null},""upper_low"":{""count"":0,""max"":null,""median"":null,""min"":null}}",DESCRIPTION_ONLY_NOT_TOLERANCE_DESIGN,0.05
0,0,0,0,0,0,0.04,CN,PLATFORM_FIRST_DETECTION_DIVERGENCE,0.0,"{""lower_high"":{""count"":0,""max"":null,""median"":null,""min"":null},""lower_low"":{""count"":0,""max"":null,""median"":null,""min"":null},""upper_high"":{""count"":0,""max"":null,""median"":null,""min"":null},""upper_low"":{""count"":0,""max"":null,""median"":null,""min"":null}}",DESCRIPTION_ONLY_NOT_TOLERANCE_DESIGN,0.05
0,0,0,0,0,0,0.04,CN,FROZEN_BREAKOUT_ANCHOR_DIVERGENCE,0.0,"{""lower_high"":{""count"":0,""max"":null,""median"":null,""min"":null},""lower_low"":{""count"":0,""max"":null,""median"":null,""min"":null},""upper_high"":{""count"":0,""max"":null,""median"":null,""min"":null},""upper_low"":{""count"":0,""max"":null,""median"":null,""min"":null}}",DESCRIPTION_ONLY_NOT_TOLERANCE_DESIGN,0.05
0,0,0,0,0,0,0.04,CN,FROZEN_INVALIDATION_ANCHOR_DIVERGENCE,0.0,"{""lower_high"":{""count"":0,""max"":null,""median"":null,""min"":null},""lower_low"":{""count"":0,""max"":null,""median"":null,""min"":null},""upper_high"":{""count"":0,""max"":null,""median"":null,""min"":null},""upper_low"":{""count"":0,""max"":null,""median"":null,""min"":null}}",DESCRIPTION_ONLY_NOT_TOLERANCE_DESIGN,0.05
0,0,0,0,0,0,0.04,CN,TERMINAL_STATE_DIVERGENCE,0.0,"{""lower_high"":{""count"":0,""max"":null,""median"":null,""min"":null},""lower_low"":{""count"":0,""max"":null,""median"":null,""min"":null},""upper_high"":{""count"":0,""max"":null,""median"":null,""min"":null},""upper_low"":{""count"":0,""max"":null,""median"":null,""min"":null}}",DESCRIPTION_ONLY_NOT_TOLERANCE_DESIGN,0.05
0,0,0,0,0,0,0.04,CN,OTHER_UNCLASSIFIED,0.0,"{""lower_high"":{""count"":0,""max"":null,""median"":null,""min"":null},""lower_low"":{""count"":0,""max"":null,""median"":null,""min"":null},""upper_high"":{""count"":0,""max"":null,""median"":null,""min"":null},""upper_low"":{""count"":0,""max"":null,""median"":null,""min"":null}}",DESCRIPTION_ONLY_NOT_TOLERANCE_DESIGN,0.05
18,11,0,18,18,0,0.04,US,HIGH_SPAN_THRESHOLD_CROSSING,0.42857142857142855,"{""lower_high"":{""count"":18,""max"":0.009262467095183968,""median"":0.005909931986664802,""min"":0.0006563377258209102},""lower_low"":{""count"":18,""max"":-0.006865702016291046,""median"":-0.03316277634950233,""min"":-0.039218724350915155},""upper_high"":{""count"":18,""max"":-0.0007375329048160337,""median"":-0.0040900680133352,""min"":-0.009343662274179092},""upper_low"":{""count"":18,""max"":-0.016865702016291048,""median"":-0.04316277634950233,""min"":-0.049218724350915156}}",DESCRIPTION_ONLY_NOT_TOLERANCE_DESIGN,0.05
20,13,0,20,0,20,0.04,US,LOW_SPAN_THRESHOLD_CROSSING,0.47619047619047616,"{""lower_high"":{""count"":20,""max"":-0.003533430746506902,""median"":-0.021234208129424066,""min"":-0.037985688249085554},""lower_low"":{""count"":20,""max"":0.009882470664490557,""median"":0.005599163125821479,""min"":0.0001805594732395277},""upper_high"":{""count"":20,""max"":-0.013533430746506904,""median"":-0.031234208129424065,""min"":-0.047985688249085556},""upper_low"":{""count"":20,""max"":-0.00011752933550944478,""median"":-0.004400836874178523,""min"":-0.009819440526760474}}",DESCRIPTION_ONLY_NOT_TOLERANCE_DESIGN,0.05
4,4,4,4,0,0,0.04,US,BOTH_SPAN_THRESHOLD_CROSSING,0.09523809523809523,"{""lower_high"":{""count"":4,""max"":0.00925530047743417,""median"":0.0025003785363072843,""min"":0.0017563873608305303},""lower_low"":{""count"":4,""max"":0.009513205301215619,""median"":0.006866149018511375,""min"":0.003907363979174204},""upper_high"":{""count"":4,""max"":-0.0007446995225658323,""median"":-0.007499621463692718,""min"":-0.008243612639169472},""upper_low"":{""count"":4,""max"":-0.00048679469878438325,""median"":-0.003133850981488627,""min"":-0.006092636020825798}}",DESCRIPTION_ONLY_NOT_TOLERANCE_DESIGN,0.05
0,0,0,0,0,0,0.04,US,STRUCTURE_INPUT_DIVERGENCE,0.0,"{""lower_high"":{""count"":0,""max"":null,""median"":null,""min"":null},""lower_low"":{""count"":0,""max"":null,""median"":null,""min"":null},""upper_high"":{""count"":0,""max"":null,""median"":null,""min"":null},""upper_low"":{""count"":0,""max"":null,""median"":null,""min"":null}}",DESCRIPTION_ONLY_NOT_TOLERANCE_DESIGN,0.05
0,0,0,0,0,0,0.04,US,NEW_SWING_ELIGIBILITY_DIVERGENCE,0.0,"{""lower_high"":{""count"":0,""max"":null,""median"":null,""min"":null},""lower_low"":{""count"":0,""max"":null,""median"":null,""min"":null},""upper_high"":{""count"":0,""max"":null,""median"":null,""min"":null},""upper_low"":{""count"":0,""max"":null,""median"":null,""min"":null}}",DESCRIPTION_ONLY_NOT_TOLERANCE_DESIGN,0.05
0,0,0,0,0,0,0.04,US,PLATFORM_FIRST_DETECTION_DIVERGENCE,0.0,"{""lower_high"":{""count"":0,""max"":null,""median"":null,""min"":null},""lower_low"":{""count"":0,""max"":null,""median"":null,""min"":null},""upper_high"":{""count"":0,""max"":null,""median"":null,""min"":null},""upper_low"":{""count"":0,""max"":null,""median"":null,""min"":null}}",DESCRIPTION_ONLY_NOT_TOLERANCE_DESIGN,0.05
0,0,0,0,0,0,0.04,US,FROZEN_BREAKOUT_ANCHOR_DIVERGENCE,0.0,"{""lower_high"":{""count"":0,""max"":null,""median"":null,""min"":null},""lower_low"":{""count"":0,""max"":null,""median"":null,""min"":null},""upper_high"":{""count"":0,""max"":null,""median"":null,""min"":null},""upper_low"":{""count"":0,""max"":null,""median"":null,""min"":null}}",DESCRIPTION_ONLY_NOT_TOLERANCE_DESIGN,0.05
0,0,0,0,0,0,0.04,US,FROZEN_INVALIDATION_ANCHOR_DIVERGENCE,0.0,"{""lower_high"":{""count"":0,""max"":null,""median"":null,""min"":null},""lower_low"":{""count"":0,""max"":null,""median"":null,""min"":null},""upper_high"":{""count"":0,""max"":null,""median"":null,""min"":null},""upper_low"":{""count"":0,""max"":null,""median"":null,""min"":null}}",DESCRIPTION_ONLY_NOT_TOLERANCE_DESIGN,0.05
0,0,0,0,0,0,0.04,US,TERMINAL_STATE_DIVERGENCE,0.0,"{""lower_high"":{""count"":0,""max"":null,""median"":null,""min"":null},""lower_low"":{""count"":0,""max"":null,""median"":null,""min"":null},""upper_high"":{""count"":0,""max"":null,""median"":null,""min"":null},""upper_low"":{""count"":0,""max"":null,""median"":null,""min"":null}}",DESCRIPTION_ONLY_NOT_TOLERANCE_DESIGN,0.05
0,0,0,0,0,0,0.04,US,OTHER_UNCLASSIFIED,0.0,"{""lower_high"":{""count"":0,""max"":null,""median"":null,""min"":null},""lower_low"":{""count"":0,""max"":null,""median"":null,""min"":null},""upper_high"":{""count"":0,""max"":null,""median"":null,""min"":null},""upper_low"":{""count"":0,""max"":null,""median"":null,""min"":null}}",DESCRIPTION_ONLY_NOT_TOLERANCE_DESIGN,0.05
41,26,0,41,41,0,0.04,POOLED,HIGH_SPAN_THRESHOLD_CROSSING,0.47126436781609193,"{""lower_high"":{""count"":41,""max"":0.009420849420849413,""median"":0.00482531311799609,""min"":0.0003082394783640516},""lower_low"":{""count"":41,""max"":-0.0019289340101522612,""median"":-0.028509535061365065,""min"":-0.04},""upper_high"":{""count"":41,""max"":-0.0005791505791505891,""median"":-0.005174686882003912,""min"":-0.00969176052163595},""upper_low"":{""count"":41,""max"":-0.011928934010152263,""median"":-0.03850953506136506,""min"":-0.05}}",DESCRIPTION_ONLY_NOT_TOLERANCE_DESIGN,0.05
35,24,0,35,0,35,0.04,POOLED,LOW_SPAN_THRESHOLD_CROSSING,0.40229885057471265,"{""lower_high"":{""count"":35,""max"":-0.003533430746506902,""median"":-0.021873111782477327,""min"":-0.03821899724547441},""lower_low"":{""count"":35,""max"":0.009882470664490557,""median"":0.005127307707274119,""min"":0.0001805594732395277},""upper_high"":{""count"":35,""max"":-0.013533430746506904,""median"":-0.03187311178247733,""min"":-0.04821899724547441},""upper_low"":{""count"":35,""max"":-0.00011752933550944478,""median"":-0.004872692292725883,""min"":-0.009819440526760474}}",DESCRIPTION_ONLY_NOT_TOLERANCE_DESIGN,0.05
11,9,11,11,0,0,0.04,POOLED,BOTH_SPAN_THRESHOLD_CROSSING,0.12643678160919541,"{""lower_high"":{""count"":11,""max"":0.00925530047743417,""median"":0.004083526682134457,""min"":0.0017563873608305303},""lower_low"":{""count"":11,""max"":0.009513205301215619,""median"":0.005466523458709641,""min"":0.00040920716112527455},""upper_high"":{""count"":11,""max"":-0.0007446995225658323,""median"":-0.005916473317865545,""min"":-0.008243612639169472},""upper_low"":{""count"":11,""max"":-0.00048679469878438325,""median"":-0.004533476541290361,""min"":-0.009590792838874727}}",DESCRIPTION_ONLY_NOT_TOLERANCE_DESIGN,0.05
0,0,0,0,0,0,0.04,POOLED,STRUCTURE_INPUT_DIVERGENCE,0.0,"{""lower_high"":{""count"":0,""max"":null,""median"":null,""min"":null},""lower_low"":{""count"":0,""max"":null,""median"":null,""min"":null},""upper_high"":{""count"":0,""max"":null,""median"":null,""min"":null},""upper_low"":{""count"":0,""max"":null,""median"":null,""min"":null}}",DESCRIPTION_ONLY_NOT_TOLERANCE_DESIGN,0.05
0,0,0,0,0,0,0.04,POOLED,NEW_SWING_ELIGIBILITY_DIVERGENCE,0.0,"{""lower_high"":{""count"":0,""max"":null,""median"":null,""min"":null},""lower_low"":{""count"":0,""max"":null,""median"":null,""min"":null},""upper_high"":{""count"":0,""max"":null,""median"":null,""min"":null},""upper_low"":{""count"":0,""max"":null,""median"":null,""min"":null}}",DESCRIPTION_ONLY_NOT_TOLERANCE_DESIGN,0.05
0,0,0,0,0,0,0.04,POOLED,PLATFORM_FIRST_DETECTION_DIVERGENCE,0.0,"{""lower_high"":{""count"":0,""max"":null,""median"":null,""min"":null},""lower_low"":{""count"":0,""max"":null,""median"":null,""min"":null},""upper_high"":{""count"":0,""max"":null,""median"":null,""min"":null},""upper_low"":{""count"":0,""max"":null,""median"":null,""min"":null}}",DESCRIPTION_ONLY_NOT_TOLERANCE_DESIGN,0.05
0,0,0,0,0,0,0.04,POOLED,FROZEN_BREAKOUT_ANCHOR_DIVERGENCE,0.0,"{""lower_high"":{""count"":0,""max"":null,""median"":null,""min"":null},""lower_low"":{""count"":0,""max"":null,""median"":null,""min"":null},""upper_high"":{""count"":0,""max"":null,""median"":null,""min"":null},""upper_low"":{""count"":0,""max"":null,""median"":null,""min"":null}}",DESCRIPTION_ONLY_NOT_TOLERANCE_DESIGN,0.05
0,0,0,0,0,0,0.04,POOLED,FROZEN_INVALIDATION_ANCHOR_DIVERGENCE,0.0,"{""lower_high"":{""count"":0,""max"":null,""median"":null,""min"":null},""lower_low"":{""count"":0,""max"":null,""median"":null,""min"":null},""upper_high"":{""count"":0,""max"":null,""median"":null,""min"":null},""upper_low"":{""count"":0,""max"":null,""median"":null,""min"":null}}",DESCRIPTION_ONLY_NOT_TOLERANCE_DESIGN,0.05
0,0,0,0,0,0,0.04,POOLED,TERMINAL_STATE_DIVERGENCE,0.0,"{""lower_high"":{""count"":0,""max"":null,""median"":null,""min"":null},""lower_low"":{""count"":0,""max"":null,""median"":null,""min"":null},""upper_high"":{""count"":0,""max"":null,""median"":null,""min"":null},""upper_low"":{""count"":0,""max"":null,""median"":null,""min"":null}}",DESCRIPTION_ONLY_NOT_TOLERANCE_DESIGN,0.05
0,0,0,0,0,0,0.04,POOLED,OTHER_UNCLASSIFIED,0.0,"{""lower_high"":{""count"":0,""max"":null,""median"":null,""min"":null},""lower_low"":{""count"":0,""max"":null,""median"":null,""min"":null},""upper_high"":{""count"":0,""max"":null,""median"":null,""min"":null},""upper_low"":{""count"":0,""max"":null,""median"":null,""min"":null}}",DESCRIPTION_ONLY_NOT_TOLERANCE_DESIGN,0.05
